Acc.No,Acc.Name,PIN,Balance
100000001,Joffrey,2266,7614
100000002,Ted,1861,26990
100000003,Zaha,2604,27403
100000004,Hazard,1931,25541
100000005,Lampard,1293,22884
100000006,Alexis,1465,26265
100000007,Jamie,2100,2222
100000008,Bran,1437,11863
100000009,Eddard,2051,1843
100000010,Samwell,2549,5466
100000011,Theon,1216,24875
100000012,Petyr,1292,2255
100000013,Robb,1972,12502
100000014,Tuco,1302,15723
100000015,Tywinn,2311,28772
100000016,Rue,2530,12699
100000017,Elliot,1583,21330
100000018,Gia,1665,21048
100000019,Otis,2320,22463
100000020,Maeve,1376,2779
100000021,Ruby,1483,17968
100000022,Jackson,1604,18938
100000023,Vivienne,2685,18874
100000024,Olivia,1417,1327
100000025,Devi,1729,18963
100000026,Ben,2729,19507
100000027,Aneesa,1129,18390
100000028,Haley,1579,26062
100000029,Alex,1218,23423
100000030,Phil,2605,15309
100000031,Claire,1897,25477
100000032,Lily,1831,3948
100000033,Jay,2114,13162
100000034,Joe,1973,7227
100000035,Mitchel,1773,21035
100000036,Andy,1087,22258
100000037,Asher,2905,10105
100000038,Andre,1562,14037
100000039,Kevin,1690,22889
100000040,Robert,2234,29605
100000041,Khal,2155,8045
100000042,Jaime,1692,29509
100000043,Sandor,2268,26119
100000044,Tywin,1734,27397
100000045,Jean,1521,9019
100000046,Ife,2366,14159
100000047,Tobi,2077,28127
100000048,Collins,1749,1472
100000049,Chucks,1102,24864
100000050,Joshua,2041,16017
100000051,Shalom,1969,2635
100000052,Obiaga,1238,10903
100000053,Prosper,2707,27766
100000054,Ikechi,1779,29025
100000055,Feyisayo,1286,13038
100000056,Foluso,2956,17205
100000057,Elijah,1084,14833
100000058,Philip,1966,16925
100000059,Angel,2268,24782
100000060,Camari,1823,1432
100000061,Okoroh,1705,11006
100000062,Wisdom,1306,15747
100000063,Mayorkun,1478,27695
100000064,Emmanuel,2585,24900
100000065,Kelechi,2167,15855
100000066,Amarachi,2270,3275
100000067,Layomi,1569,13445
100000068,Jowayne,1228,12544
100000069,Ayomide,2781,23064
100000070,Chibuikem,1708,14086
100000071,Dinesh,1211,27559
100000072,Rejin,1086,2113
100000073,Mariam,2417,16644
100000074,Onyinye,1813,29038
100000075,Derin,1500,29667
100000076,Hephzibah,1086,14719
100000077,Akwesi,2179,29191
100000078,Sopuruchi,1136,16315
100000079,Awantika,1666,27907
100000080,Bethel,2081,14472
100000081,Chinaza,1975,6735
100000082,Ann,1840,15391
100000083,Benzema,1400,3659
100000084,Karim,1704,26181
100000085,Robert,1563,14961
100000086,Okafor,1902,17531
100000087,King,1632,20036
100000088,Mike,2704,23370
100000089,Buhari,2130,23896
100000090,Musa,1443,12690
100000091,Victor,2056,15819
100000092,Davies,2205,18084
100000093,Timothy,2982,23313
100000094,Rodri,2889,28919
100000095,Ben,2250,11734
100000096,Kante,1817,8240
100000097,Chisom,2415,10436
100000098,Hota,1162,26654
100000099,Oxlade,1694,13282
100000100,Stones,1074,25498
